<?xml version='1.0'?><metadata xml:lang='en'><Esri><CreaDate>20100602</CreaDate><CreaTime>11065959</CreaTime><ArcGISFormat>1.0</ArcGISFormat><SyncOnce>TRUE</SyncOnce><ModDate>20130503</ModDate><ModTime>02052222</ModTime><DataProperties><coordRef><csUnits>Decimal Degree</csUnits><geogcsn>WGS 84</geogcsn><peXml><wktVar>&lt;ProjectedCoordinateSystem&gt;&lt;WKT&gt;GEOGCS[&quot;WGS 84&quot;,DATUM[&quot;World Geodetic System 1984 [EPSG ID 6326]&quot;,SPHEROID[&quot;WGS 84 [EPSG ID 7030]&quot;,6378137.0,298.257223563]],PRIMEM[&quot;Greenwich&quot;,0.0],UNIT[&quot;Decimal Degree&quot;,0.01745329251994328]]&lt;/WKT&gt;&lt;XOrigin&gt;-80&lt;/XOrigin&gt;&lt;YOrigin&gt;43&lt;/YOrigin&gt;&lt;XYScale&gt;100000000&lt;/XYScale&gt;&lt;ZOrigin&gt;0&lt;/ZOrigin&gt;&lt;ZScale&gt;1&lt;/ZScale&gt;&lt;MOrigin&gt;0&lt;/MOrigin&gt;&lt;MScale&gt;1&lt;/MScale&gt;&lt;XYTolerance&gt;.00000002&lt;/XYTolerance&gt;&lt;ZTolerance&gt;0&lt;/ZTolerance&gt;&lt;MTolerance&gt;0&lt;/MTolerance&gt;&lt;HighPrecision&gt;&lt;/HighPrecision&gt;&lt;/ProjectedCoordinateSystem&gt;&lt;/peXml&gt;</wktVar></peXml></coordRef></DataProperties></Esri><idinfo><citation><citeinfo><title>none</title><origin>none</origin></citeinfo></citation><status><update>Continually</update></status></idinfo><dataIdInfo><themeKeys><keyword>Road</keyword><keyword>river</keyword><keyword>highway</keyword><keyword>railway</keyword><keyword>address</keyword><keyword>range</keyword><keyword>address range</keyword><keyword>line</keyword><keyword>transportation</keyword></themeKeys><idPurp>Supports all City operational and planning programs. Examples include Emergency (911) dispatch, City permits, welfare case management, boundary adjustments to administration areas, waste collection, traffic control and electoral functions.</idPurp><idAbs>Data set contains geographic linear representation of transportatiion corridors, administrative boundaries, shorelines, and assoicated attrubutes.</idAbs><idCitation><resTitle>CITYGCS.CENTRELINE</resTitle></idCitation><resConst><Consts><useLimit>Source must be credited. Cannot be re-sold</useLimit></Consts></resConst><dataExt><geoEle><GeoBndBox><westBL>-79.65</westBL><eastBL>-79.11</eastBL><northBL>43.86</northBL><southBL>43.57</southBL></GeoBndBox></geoEle></dataExt><idCredit>no credits</idCredit><idPoC><rpIndName>Open Data Team</rpIndName><rpOrgName>City of Toronto</rpOrgName><rpCntInfo><cntAddress><eMailAdd>opendata@toronto.ca</eMailAdd></cntAddress></rpCntInfo></idPoC></dataIdInfo><metainfo><D>99</D><langmeta>en</langmeta><mdDateSt><CreaDate>20100602 11065959</CreaDate></mdDateSt></metainfo><distinfo></distinfo><spdoinfo><ptvctinf><esriterm><efeatyp>Feature Class</efeatyp><efeageom>Line</efeageom></esriterm></ptvctinf></spdoinfo><mdContact><rpOrgName>Geospatial Competency Centre</rpOrgName><rpIndName>.</rpIndName><rpCntInfo><cntAddress><city>Toronto</city><delPoint>18 Dyas Rd,  3rd Floor</delPoint><eMailAdd>gcc@toronto.ca</eMailAdd><postCode>M3B 1V5</postCode><adminArea>ON</adminArea></cntAddress><cntPhone><voiceNum>416-392-2506</voiceNum><faxNum>416-397-4900</faxNum></cntPhone></rpCntInfo><rpPosName>.</rpPosName></mdContact><eainfo><detailed><enttyp><enttypt>Feature Class</enttypt><enttypl>CITYGCS.CENTRELINE</enttypl><enttypc>58360</enttypc></enttyp><attr><attrlabl>SHAPE</attrlabl><attalias>SHAPE</attalias><attrtype>SDO_GEOMETRY</attrtype><attwidth>64</attwidth><attrdef>Spatial feature</attrdef></attr><attr><attrlabl>OBJECTID</attrlabl><attalias>OBJECTID</attalias><attrtype>NUMBER</attrtype><attwidth>22</attwidth><attrdef>unique geographic identifier</attrdef></attr><attr><attrlabl>GEO_ID</attrlabl><attalias>GEO_ID</attalias><attrtype>NUMBER</attrtype><attwidth>22</attwidth><attrdef>Unique ID of centreline segment.</attrdef></attr><attr><attrlabl>LFN_ID</attrlabl><attalias>LFN_ID</attalias><attrtype>NUMBER</attrtype><attwidth>22</attwidth><attrdef>Full street name</attrdef></attr><attr><attrlabl>LF_NAME</attrlabl><attalias>LF_NAME</attalias><attrtype>VARCHAR2</attrtype><attwidth>110</attwidth><attrdef>Linear Name in full, e.g. Don Mills Rd</attrdef></attr><attr><attrlabl>ADDRESS_L</attrlabl><attalias>ADDRESS_L</attalias><attrtype>VARCHAR2</attrtype><attwidth>20</attwidth><attrdef>Address Range on the right side of the street</attrdef></attr><attr><attrlabl>ADDRESS_R</attrlabl><attalias>ADDRESS_R</attalias><attrtype>VARCHAR2</attrtype><attwidth>20</attwidth><attrdef>Even/Odd address numbers on left side of street</attrdef></attr><attr><attrlabl>OE_FLAG_L</attrlabl><attalias>OE_FLAG_L</attalias><attrtype>VARCHAR2</attrtype><attwidth>2</attwidth><attrdef>Even/Odd address numbers on right side of street</attrdef></attr><attr><attrlabl>OE_FLAG_R</attrlabl><attalias>OE_FLAG_R</attalias><attrtype>VARCHAR2</attrtype><attwidth>2</attwidth><attrdef>Lowest address number for left side of the street segment</attrdef></attr><attr><attrlabl>LONUML</attrlabl><attalias>LONUML</attalias><attrtype>NUMBER</attrtype><attwidth>22</attwidth><attrdef>Highest address number for left side of the street segment</attrdef></attr><attr><attrlabl>HINUML</attrlabl><attalias>HINUML</attalias><attrtype>NUMBER</attrtype><attwidth>22</attwidth><attrdef>Lowest address number for right side of the street segment</attrdef></attr><attr><attrlabl>LONUMR</attrlabl><attalias>LONUMR</attalias><attrtype>NUMBER</attrtype><attwidth>22</attwidth><attrdef>Highest address number for right side of the street segment</attrdef></attr><attr><attrlabl>HINUMR</attrlabl><attalias>HINUMR</attalias><attrtype>NUMBER</attrtype><attwidth>22</attwidth><attrdef>Numeric highest number on the right</attrdef></attr><attr><attrlabl>FNODE</attrlabl><attalias>FNODE</attalias><attrtype>NUMBER</attrtype><attwidth>22</attwidth><attrdef>Intersection id at the from node</attrdef></attr><attr><attrlabl>TNODE</attrlabl><attalias>TNODE</attalias><attrtype>NUMBER</attrtype><attwidth>22</attwidth><attrdef>Intersection id at the to node</attrdef></attr><attr><attrlabl>FCODE</attrlabl><attalias>FCODE</attalias><attrtype>NUMBER</attrtype><attwidth>22</attwidth><attrdef>description of the street classification</attrdef></attr><attr><attrlabl>FCODE_DESC</attrlabl><attalias>FCODE_DESC</attalias><attrtype>VARCHAR2</attrtype><attwidth>100</attwidth><attrdef>street jurisdiction (ownership)</attrdef></attr><attr><attrlabl>JURIS_CODE</attrlabl><attalias>JURIS_CODE</attalias><attrtype>VARCHAR2</attrtype><attwidth>20</attwidth><attrdef>Jurisdiction of the centreline segment</attrdef></attr></detailed></eainfo><spatRepInfo><VectSpatRep><geometObjs><geoObjCnt>58360</geoObjCnt></geometObjs></VectSpatRep></spatRepInfo></metadata>